0,0,85319051:1
0,0,16526785:1
0,0,69301298:1
0,0,41441356:1
0,0,88886573:1
0,0,85743454:1
0,0,10346116:1
0,0,61154024:1
0,0,01841265:1
0,0,01290340:1
0,0,17476393:1
0,0,75807308:1
0,0,70396224:1
0,0,24386051:1
0,0,98064749:1
0,0,74815577:1
0,0,46900310:1
0,0,15950214:1
0,0,00913802:1
0,0,44995550:1
0,0,42209114:1
0,0,56026155:1
0,0,15048942:1
0,0,38342986:1
0,0,18575756:1
0,0,82635445:1
0,0,79292323:1
0,0,20527651:1
0,0,00169610:1
0,0,77962207:1
0,0,44949301:1
0,0,23578113:1
0,0,34687329:1
0,0,82422121:1
0,0,99022632:1
0,0,15760024:1
0,0,31802542:1
0,0,44685292:1
0,0,40592232:1
0,0,06514251:1
0,0,70721194:1
0,0,03586383:1
0,0,80670731:1
0,0,35983677:1
0,0,28075168:1
0,0,38895862:1
0,0,90548131:1
0,0,28397748:1
0,0,91896751:1
0,0,20701856:1