<?xml version="1.0" encoding="utf-8"?>
<cBlueprintLoader xmlns:d="http://www.kuju.com/TnT/2003/Delta" d:version="1.0">
	<Blueprint>
		<cCouplingTypeBlueprint xmlns:d="http://www.kuju.com/TnT/2003/Delta" d:version="1.0">
			<UncoupledGeometry d:type="cDeltaString"></UncoupledGeometry>
			<Bogey d:type="cDeltaString"></Bogey>
			<Strength d:type="sFloat32">150</Strength>
			<CouplingConnection>
				<cCouplingConnectionBlueprint d:id="904">
					<Type d:type="cDeltaString">bar</Type>
					<CoupledGeometry d:type="cDeltaString"></CoupledGeometry>
					<ReceivingGeometry d:type="cDeltaString"></ReceivingGeometry>
					<PivotType d:type="cDeltaString">eMidPoint</PivotType>
					<MinDistance d:type="sFloat32">0</MinDistance>
					<MaxDistance d:type="sFloat32">0</MaxDistance>
					<TargetDistance d:type="sFloat32">0.05</TargetDistance>
					<SpringCoefficient d:type="sFloat32">0</SpringCoefficient>
					<Damping d:type="sFloat32">0</Damping>
					<MaxForce d:type="sFloat32">3.40282E+38</MaxForce>
					<ManualCoupling d:type="bool">0</ManualCoupling>
				</cCouplingConnectionBlueprint>
			</CouplingConnection>
		</cCouplingTypeBlueprint>
	</Blueprint>
</cBlueprintLoader>
