<?xml version="1.0" encoding="utf-8"?>
<cBlueprintLoader xmlns:d="http://www.kuju.com/TnT/2003/Delta" d:version="1.0">
	<Blueprint>
		<cReskinBlueprint xmlns:d="http://www.kuju.com/TnT/2003/Delta" d:version="1.0">
			<Name d:type="cDeltaString">90' KI WASCO 45 B - EU South East</Name>
			<BrowseInformation>
				<iBrowseableBlueprint-cBrowseInformation>
					<DisplayName>
						<Localisation-cUserLocalisedString>
							<English d:type="cDeltaString">90' KI WASCO 45 B - EU South East</English>
							<French d:type="cDeltaString"></French>
							<Italian d:type="cDeltaString"></Italian>
							<German d:type="cDeltaString"></German>
							<Spanish d:type="cDeltaString"></Spanish>
							<Dutch d:type="cDeltaString"></Dutch>
							<Polish d:type="cDeltaString"></Polish>
							<Russian d:type="cDeltaString"></Russian>
							<Other />
							<Key d:type="cDeltaString"></Key>
						</Localisation-cUserLocalisedString>
					</DisplayName>
					<Description>
						<Localisation-cUserLocalisedString>
							<English d:type="cDeltaString"></English>
							<French d:type="cDeltaString"></French>
							<Italian d:type="cDeltaString"></Italian>
							<German d:type="cDeltaString"></German>
							<Spanish d:type="cDeltaString"></Spanish>
							<Dutch d:type="cDeltaString"></Dutch>
							<Polish d:type="cDeltaString"></Polish>
							<Russian d:type="cDeltaString"></Russian>
							<Other />
							<Key d:type="cDeltaString"></Key>
						</Localisation-cUserLocalisedString>
					</Description>
					<Category d:type="cDeltaString">eRollingStock</Category>
					<ValidInScenarios d:type="cDeltaString">eTrue</ValidInScenarios>
				</iBrowseableBlueprint-cBrowseInformation>
			</BrowseInformation>
			<ReskinAssetBpId>
				<iBlueprintLibrary-cAbsoluteBlueprintID>
					<BlueprintSetID>
						<iBlueprintLibrary-cBlueprintSetID>
							<Provider d:type="cDeltaString">Afirus</Provider>
							<Product d:type="cDeltaString">KIPack01</Product>
						</iBlueprintLibrary-cBlueprintSetID>
					</BlueprintSetID>
					<BlueprintID d:type="cDeltaString">RailVehicles\Freight\Sggmrss\CH-WASCO\sggmrss_45_benelux_b.xml</BlueprintID>
				</iBlueprintLibrary-cAbsoluteBlueprintID>
			</ReskinAssetBpId>
			<TextureEntry>
				<cReskinBlueprint-sTextureEntry d:id="8963">
					<TextureName d:type="cDeltaString">45ft_hc_benelux</TextureName>
					<TextureID d:type="cDeltaString">Afirus\KIPack01\RailNetwork\Interactive\45ft_hc\Textures\[00]45ft_hc_euse</TextureID>
				</cReskinBlueprint-sTextureEntry>
			</TextureEntry>
		</cReskinBlueprint>
	</Blueprint>
</cBlueprintLoader>
