<?xml version="1.0" encoding="utf-8"?>
<cBlueprintLoader xmlns:d="http://www.kuju.com/TnT/2003/Delta" d:version="1.0">
	<Blueprint>
		<cCouplingTypeBlueprint xmlns:d="http://www.kuju.com/TnT/2003/Delta" d:version="1.0">
			<UncoupledGeometry d:type="cDeltaString">Afirus\KIPack01\RailVehicles\Couplings\3Link\Screw\[00]3link_screw_uncoupled</UncoupledGeometry>
			<Bogey d:type="cDeltaString"></Bogey>
			<Strength d:type="sFloat32">100</Strength>
			<CouplingConnection>
				<cCouplingConnectionBlueprint d:id="965">
					<Type d:type="cDeltaString">3link</Type>
					<CoupledGeometry d:type="cDeltaString">Afirus\KIPack01\RailVehicles\Couplings\3Link\Screw\[00]3link_screw_uncoupled</CoupledGeometry>
					<ReceivingGeometry d:type="cDeltaString"></ReceivingGeometry>
					<PivotType d:type="cDeltaString">eReceivingPoint</PivotType>
					<MinDistance d:type="sFloat32">0</MinDistance>
					<MaxDistance d:type="sFloat32">0.05</MaxDistance>
					<TargetDistance d:type="sFloat32">0.025</TargetDistance>
					<SpringCoefficient d:type="sFloat32">0</SpringCoefficient>
					<Damping d:type="sFloat32">50</Damping>
					<MaxForce d:type="sFloat32">3.40282E+38</MaxForce>
					<ManualCoupling d:type="bool">1</ManualCoupling>
				</cCouplingConnectionBlueprint>
			</CouplingConnection>
		</cCouplingTypeBlueprint>
	</Blueprint>
</cBlueprintLoader>
