<?xml version="1.0" encoding="utf-8"?>
<cBlueprintLoader xmlns:d="http://www.kuju.com/TnT/2003/Delta" d:version="1.0">
	<Blueprint>
		<cBogeyBlueprint xmlns:d="http://www.kuju.com/TnT/2003/Delta" d:version="1.0">
			<WheelRadius d:type="sFloat32">0.45</WheelRadius>
			<WheelGauge d:type="sFloat32">1.435</WheelGauge>
			<Geometry d:type="cDeltaString">bo02</Geometry>
			<Animation d:type="cDeltaString"></Animation>
			<Powered d:type="cDeltaString">eTrue</Powered>
			<SuspensionStiffness d:type="sFloat32">8E+09</SuspensionStiffness>
			<SuspensionDamping d:type="sFloat32">6E+07</SuspensionDamping>
			<Axle>
				<cBogeyBlueprint-tag_sAxle d:id="1018">
					<Radius d:type="sFloat32">0.45</Radius>
					<HorizontalOffset d:type="sFloat32">0.914</HorizontalOffset>
					<NodeId d:type="cDeltaString">bo02wh01</NodeId>
					<AnimationId d:type="cDeltaString"></AnimationId>
				</cBogeyBlueprint-tag_sAxle>
				<cBogeyBlueprint-tag_sAxle d:id="1023">
					<Radius d:type="sFloat32">0.45</Radius>
					<HorizontalOffset d:type="sFloat32">-0.914</HorizontalOffset>
					<NodeId d:type="cDeltaString">bo02wh02</NodeId>
					<AnimationId d:type="cDeltaString"></AnimationId>
				</cBogeyBlueprint-tag_sAxle>
			</Axle>
			<PivotOffset>
				<cBogeyBlueprint-tag_sPivotOffset d:id="1029">
					<HorizontalOffset d:type="sFloat32">0</HorizontalOffset>
					<VerticalOffset d:type="sFloat32">0</VerticalOffset>
				</cBogeyBlueprint-tag_sPivotOffset>
			</PivotOffset>
		</cBogeyBlueprint>
	</Blueprint>
</cBlueprintLoader>
