<?xml version="1.0" encoding="utf-8"?>
<cBlueprintLoader xmlns:d="http://www.kuju.com/TnT/2003/Delta" d:version="1.0">
	<Blueprint>
		<cWagonBlueprint xmlns:d="http://www.kuju.com/TnT/2003/Delta" d:version="1.0">
			<Name d:type="cDeltaString">90' KI WASCO 40ft 1 - A</Name>
			<BrowseInformation>
				<iRailVehicleBlueprint-cBrowseRVInformation>
					<DisplayName>
						<Localisation-cUserLocalisedString>
							<English d:type="cDeltaString">90' KI WASCO 40ft 1 - A</English>
							<French d:type="cDeltaString"></French>
							<Italian d:type="cDeltaString"></Italian>
							<German d:type="cDeltaString"></German>
							<Spanish d:type="cDeltaString"></Spanish>
							<Dutch d:type="cDeltaString"></Dutch>
							<Polish d:type="cDeltaString"></Polish>
							<Russian d:type="cDeltaString"></Russian>
							<Other />
							<Key d:type="cDeltaString"></Key>
						</Localisation-cUserLocalisedString>
					</DisplayName>
				</iRailVehicleBlueprint-cBrowseRVInformation>
			</BrowseInformation>
			<RailVehicleComponent>
				<cWagonComponentBlueprint>
					<NumberingList>
						<cCSVContainer>
							<CsvFile d:type="cDeltaString">Afirus\KIPack01\RailVehicles\Freight\Sggmrss\AutoNumber\45ft_hc</CsvFile>
						</cCSVContainer>
					</NumberingList>
					<NumberingFormat d:type="cDeltaString"></NumberingFormat>
					<Numberings d:type="sUInt32">0</Numberings>
					<FrontCouplingBlueprintID>
						<iBlueprintLibrary-cAbsoluteBlueprintID>
							<BlueprintSetID>
								<iBlueprintLibrary-cBlueprintSetID>
									<Provider d:type="cDeltaString">Afirus</Provider>
									<Product d:type="cDeltaString">KIPack01</Product>
								</iBlueprintLibrary-cBlueprintSetID>
							</BlueprintSetID>
							<BlueprintID d:type="cDeltaString">RailVehicles\Couplings\Bar\Default\bar_default_coupling.xml</BlueprintID>
						</iBlueprintLibrary-cAbsoluteBlueprintID>
					</FrontCouplingBlueprintID>
					<RearCouplingBlueprintID>
						<iBlueprintLibrary-cAbsoluteBlueprintID>
							<BlueprintSetID>
								<iBlueprintLibrary-cBlueprintSetID>
									<Provider d:type="cDeltaString">Afirus</Provider>
									<Product d:type="cDeltaString">KIPack01</Product>
								</iBlueprintLibrary-cBlueprintSetID>
							</BlueprintSetID>
							<BlueprintID d:type="cDeltaString">RailVehicles\Couplings\3Link\Screw\3link_screw_coupling.xml</BlueprintID>
						</iBlueprintLibrary-cAbsoluteBlueprintID>
					</RearCouplingBlueprintID>
					<FrontCouplingPivot>
						<cHcRMatrix4x4>
							<Element>
								<e d:type="sFloat32">1</e>
								<e d:type="sFloat32">0</e>
								<e d:type="sFloat32">0</e>
								<e d:type="sFloat32">0</e>
								<e d:type="sFloat32">0</e>
								<e d:type="sFloat32">1</e>
								<e d:type="sFloat32">0</e>
								<e d:type="sFloat32">0</e>
								<e d:type="sFloat32">0</e>
								<e d:type="sFloat32">0</e>
								<e d:type="sFloat32">1</e>
								<e d:type="sFloat32">0</e>
								<e d:type="sFloat32">0</e>
								<e d:type="sFloat32">1.04761</e>
								<e d:type="sFloat32">6.0125</e>
								<e d:type="sFloat32">1</e>
							</Element>
						</cHcRMatrix4x4>
					</FrontCouplingPivot>
					<RearCouplingPivot>
						<cHcRMatrix4x4>
							<Element>
								<e d:type="sFloat32">-1</e>
								<e d:type="sFloat32">0</e>
								<e d:type="sFloat32">0</e>
								<e d:type="sFloat32">0</e>
								<e d:type="sFloat32">0</e>
								<e d:type="sFloat32">1</e>
								<e d:type="sFloat32">0</e>
								<e d:type="sFloat32">0</e>
								<e d:type="sFloat32">0</e>
								<e d:type="sFloat32">0</e>
								<e d:type="sFloat32">-1</e>
								<e d:type="sFloat32">0</e>
								<e d:type="sFloat32">0</e>
								<e d:type="sFloat32">1.04343</e>
								<e d:type="sFloat32">-8.26165</e>
								<e d:type="sFloat32">1</e>
							</Element>
						</cHcRMatrix4x4>
					</RearCouplingPivot>
					<FrontCouplingReceivingPoint>
						<cHcRMatrix4x4>
							<Element>
								<e d:type="sFloat32">1</e>
								<e d:type="sFloat32">0</e>
								<e d:type="sFloat32">0</e>
								<e d:type="sFloat32">0</e>
								<e d:type="sFloat32">0</e>
								<e d:type="sFloat32">1</e>
								<e d:type="sFloat32">0</e>
								<e d:type="sFloat32">0</e>
								<e d:type="sFloat32">0</e>
								<e d:type="sFloat32">0</e>
								<e d:type="sFloat32">1</e>
								<e d:type="sFloat32">0</e>
								<e d:type="sFloat32">0</e>
								<e d:type="sFloat32">1.04761</e>
								<e d:type="sFloat32">6.0125</e>
								<e d:type="sFloat32">1</e>
							</Element>
						</cHcRMatrix4x4>
					</FrontCouplingReceivingPoint>
					<RearCouplingReceivingPoint>
						<cHcRMatrix4x4>
							<Element>
								<e d:type="sFloat32">-1</e>
								<e d:type="sFloat32">0</e>
								<e d:type="sFloat32">0</e>
								<e d:type="sFloat32">0</e>
								<e d:type="sFloat32">0</e>
								<e d:type="sFloat32">1</e>
								<e d:type="sFloat32">0</e>
								<e d:type="sFloat32">0</e>
								<e d:type="sFloat32">0</e>
								<e d:type="sFloat32">0</e>
								<e d:type="sFloat32">-1</e>
								<e d:type="sFloat32">0</e>
								<e d:type="sFloat32">0</e>
								<e d:type="sFloat32">1.04761</e>
								<e d:type="sFloat32">-8.34643</e>
								<e d:type="sFloat32">1</e>
							</Element>
						</cHcRMatrix4x4>
					</RearCouplingReceivingPoint>
					<Mass d:type="sFloat32">13.9</Mass>
					<EaseOfDerailment d:type="sFloat32">0.4375</EaseOfDerailment>
					<FrontPivotX d:type="sFloat32">6.025</FrontPivotX>
					<FrontPivotY d:type="sFloat32">1.04762</FrontPivotY>
					<BackPivotX d:type="sFloat32">-8.78527</BackPivotX>
					<BackPivotY d:type="sFloat32">1.04762</BackPivotY>
					<CollisionCentreX d:type="sFloat32">-1.567635</CollisionCentreX>
					<CollisionCentreY d:type="sFloat32">0.7</CollisionCentreY>
					<CollisionWidth d:type="sFloat32">2.4</CollisionWidth>
					<CollisionHeight d:type="sFloat32">1.2</CollisionHeight>
					<CollisionLength d:type="sFloat32">11.89027</CollisionLength>
					<DragCoefficient d:type="sFloat32">4</DragCoefficient>
					<RollingFrictionCoefficient d:type="sFloat32">0.0006</RollingFrictionCoefficient>
					<DryFriction d:type="sFloat32">2</DryFriction>
					<WetFriction d:type="sFloat32">1</WetFriction>
					<SnowFriction d:type="sFloat32">0.5</SnowFriction>
					<SandFrictionMultiplier d:type="sFloat32">2</SandFrictionMultiplier>
					<Bogey>
						<cRailVehicleComponentBlueprint-tag_sBogey d:id="5339">
							<BogeyPivotX d:type="sFloat32">4.61</BogeyPivotX>
							<BogeyPivotY d:type="sFloat32">0</BogeyPivotY>
							<BogeyBlueprint>
								<iBlueprintLibrary-cAbsoluteBlueprintID>
									<BlueprintSetID>
										<iBlueprintLibrary-cBlueprintSetID>
											<Provider d:type="cDeltaString">Afirus</Provider>
											<Product d:type="cDeltaString">KIPack01</Product>
										</iBlueprintLibrary-cBlueprintSetID>
									</BlueprintSetID>
									<BlueprintID d:type="cDeltaString">RailVehicles\Freight\Sggmrss\Bogie\bogie_inv.xml</BlueprintID>
								</iBlueprintLibrary-cAbsoluteBlueprintID>
							</BogeyBlueprint>
						</cRailVehicleComponentBlueprint-tag_sBogey>
						<cRailVehicleComponentBlueprint-tag_sBogey d:id="5347">
							<BogeyPivotX d:type="sFloat32">-6.0125</BogeyPivotX>
							<BogeyPivotY d:type="sFloat32">0</BogeyPivotY>
							<BogeyBlueprint>
								<iBlueprintLibrary-cAbsoluteBlueprintID>
									<BlueprintSetID>
										<iBlueprintLibrary-cBlueprintSetID>
											<Provider d:type="cDeltaString">Afirus</Provider>
											<Product d:type="cDeltaString">KIPack01</Product>
										</iBlueprintLibrary-cBlueprintSetID>
									</BlueprintSetID>
									<BlueprintID d:type="cDeltaString">RailVehicles\Freight\Sggmrss\Bogie\bogie_2.xml</BlueprintID>
								</iBlueprintLibrary-cAbsoluteBlueprintID>
							</BogeyBlueprint>
						</cRailVehicleComponentBlueprint-tag_sBogey>
					</Bogey>
					<StopgoRemapper d:type="cDeltaString"></StopgoRemapper>
					<IntermediateRemapper d:type="cDeltaString"></IntermediateRemapper>
					<ExpertRemapper d:type="cDeltaString"></ExpertRemapper>
					<BogieAudioControlName d:type="cDeltaString">Afirus\KIPack01\Audio\New\Drehgestell\3dz_Shmmns_Bogie_Audio_Control</BogieAudioControlName>
					<CouplingAudioControlName d:type="cDeltaString">Afirus\KIPack01\Audio\New\Kupplung\3dz_Shmmns_Kupplungsound</CouplingAudioControlName>
					<AnimatedBodyNodeName d:type="cDeltaString"></AnimatedBodyNodeName>
					<MaxComfortableAcceleration d:type="sFloat32">175</MaxComfortableAcceleration>
					<TrainBrakeAssembly>
						<EngineSimulation-cTrainAirBrakeBlueprint d:id="5363">
							<BrakeType>
								<EngineSimulation-cTrainAirBrakeDataBlueprint d:id="5365">
									<EquipmentType d:type="cDeltaString">eAirTwinPipe</EquipmentType>
									<MaxForcePercentOfVehicleWeight d:type="sFloat32">70</MaxForcePercentOfVehicleWeight>
									<Control />
									<Handbrake />
									<GraduatedRelease d:type="cDeltaString">eTrue</GraduatedRelease>
									<ProportionalBrake d:type="cDeltaString">eTrue</ProportionalBrake>
									<MaxReleaseRate d:type="sFloat32">10</MaxReleaseRate>
									<MaxApplicationRate d:type="sFloat32">10</MaxApplicationRate>
									<MaxCylinderPressure d:type="sFloat32">63</MaxCylinderPressure>
									<PressureForMaxForce d:type="sFloat32">63</PressureForMaxForce>
									<MaxSystemPressure d:type="sFloat32">725</MaxSystemPressure>
									<MinSystemPressure d:type="sFloat32">0</MinSystemPressure>
									<Distributor>
										<EngineSimulation-cBrakeDistributorBlueprint d:id="5379">
											<NormalFullReleasePressure d:type="sFloat32">725</NormalFullReleasePressure>
											<FullServicePressure d:type="sFloat32">51</FullServicePressure>
											<TrainPipeControlRatio d:type="sFloat32">203</TrainPipeControlRatio>
											<MaxEmergencyResPressure d:type="sFloat32">110</MaxEmergencyResPressure>
											<MaxAuxResPressure d:type="sFloat32">100</MaxAuxResPressure>
											<EmergencyApplicationPressure d:type="sFloat32">63</EmergencyApplicationPressure>
										</EngineSimulation-cBrakeDistributorBlueprint>
									</Distributor>
									<EmergencyBraking />
									<AuxiliaryBraking>
										<EngineSimulation-cBaseAirBrakeBlueprint-cAuxiliaryBraking d:id="5388">
											<MaxChargingRate d:type="sFloat32">10</MaxChargingRate>
											<MaxReservoirPressure d:type="sFloat32">100</MaxReservoirPressure>
										</EngineSimulation-cBaseAirBrakeBlueprint-cAuxiliaryBraking>
									</AuxiliaryBraking>
									<PressureUsedFromPipePerPoundGained d:type="sFloat32">0.3</PressureUsedFromPipePerPoundGained>
									<PressureGainedFromOnePipePounds d:type="sFloat32">100</PressureGainedFromOnePipePounds>
									<RetainerType d:type="cDeltaString">eNoRetainer</RetainerType>
									<TripleValve d:type="cDeltaString">eTrue</TripleValve>
									<TripleValveRatio d:type="sFloat32">2.5</TripleValveRatio>
									<RetainerSlowReleaseRate d:type="sFloat32">15</RetainerSlowReleaseRate>
								</EngineSimulation-cTrainAirBrakeDataBlueprint>
							</BrakeType>
						</EngineSimulation-cTrainAirBrakeBlueprint>
					</TrainBrakeAssembly>
				</cWagonComponentBlueprint>
			</RailVehicleComponent>
			<RenderComponent>
				<cAnimObjectRenderBlueprint>
					<PrimaryNamedTextureSet>
						<iBlueprintLibrary-cAbsoluteBlueprintID>
							<BlueprintSetID>
								<iBlueprintLibrary-cBlueprintSetID>
									<Provider d:type="cDeltaString"></Provider>
									<Product d:type="cDeltaString"></Product>
								</iBlueprintLibrary-cBlueprintSetID>
							</BlueprintSetID>
							<BlueprintID d:type="cDeltaString"></BlueprintID>
						</iBlueprintLibrary-cAbsoluteBlueprintID>
					</PrimaryNamedTextureSet>
					<SecondaryNamedTextureSet>
						<iBlueprintLibrary-cAbsoluteBlueprintID>
							<BlueprintSetID>
								<iBlueprintLibrary-cBlueprintSetID>
									<Provider d:type="cDeltaString"></Provider>
									<Product d:type="cDeltaString"></Product>
								</iBlueprintLibrary-cBlueprintSetID>
							</BlueprintSetID>
							<BlueprintID d:type="cDeltaString"></BlueprintID>
						</iBlueprintLibrary-cAbsoluteBlueprintID>
					</SecondaryNamedTextureSet>
					<GeometryID d:type="cDeltaString">Afirus\KIPack01\RailVehicles\Freight\Sggmrss\CH-WASCO\[00]sggmrss_40_rnd_a</GeometryID>
					<CollisionGeometryID d:type="cDeltaString"></CollisionGeometryID>
					<Pickable d:type="cDeltaString">eTrue</Pickable>
					<CastsShadows d:type="cDeltaString">eTrue</CastsShadows>
					<ShadowType d:type="cDeltaString">eShadowType_None</ShadowType>
					<ViewType d:type="cDeltaString">ExternalView</ViewType>
					<Palettised d:type="cDeltaString">eFalse</Palettised>
					<Palette0Index d:type="sInt32">-1</Palette0Index>
					<Palette1Index d:type="sInt32">-1</Palette1Index>
					<Palette2Index d:type="sInt32">-1</Palette2Index>
					<HeatHaze />
					<TexText />
					<ProjectedLightElement />
					<Instancable d:type="bool">0</Instancable>
					<DetailLevelGenerationRange>
						<cSceneryRenderBlueprint-sDetailLevelGenerationRange>
							<HighestLevel_1isHighest d:type="sInt32">1</HighestLevel_1isHighest>
							<LowestLevel_10isLowest d:type="sInt32">10</LowestLevel_10isLowest>
						</cSceneryRenderBlueprint-sDetailLevelGenerationRange>
					</DetailLevelGenerationRange>
					<AnimSet />
				</cAnimObjectRenderBlueprint>
			</RenderComponent>
			<PosOriComponent>
				<cPosOriBlueprint />
			</PosOriComponent>
			<ControlContainerComponent>
				<cControlContainerBlueprint>
					<InteriorInterface>
						<cControlContainerBlueprint-cInteriorInterface>
							<InteriorGeometryID d:type="cDeltaString"></InteriorGeometryID>
							<NumberOfCabs d:type="cDeltaString">eSingleCab</NumberOfCabs>
							<InteriorCamera>
								<iBlueprintLibrary-cAbsoluteBlueprintID>
									<BlueprintSetID>
										<iBlueprintLibrary-cBlueprintSetID>
											<Provider d:type="cDeltaString"></Provider>
											<Product d:type="cDeltaString"></Product>
										</iBlueprintLibrary-cBlueprintSetID>
									</BlueprintSetID>
									<BlueprintID d:type="cDeltaString"></BlueprintID>
								</iBlueprintLibrary-cAbsoluteBlueprintID>
							</InteriorCamera>
							<CabOcclusion>
								<iBlueprintLibrary-cAbsoluteBlueprintID>
									<BlueprintSetID>
										<iBlueprintLibrary-cBlueprintSetID>
											<Provider d:type="cDeltaString"></Provider>
											<Product d:type="cDeltaString"></Product>
										</iBlueprintLibrary-cBlueprintSetID>
									</BlueprintSetID>
									<BlueprintID d:type="cDeltaString"></BlueprintID>
								</iBlueprintLibrary-cAbsoluteBlueprintID>
							</CabOcclusion>
						</cControlContainerBlueprint-cInteriorInterface>
					</InteriorInterface>
					<CarriageInteriorInterface>
						<cControlContainerBlueprint-cInteriorInterface>
							<InteriorGeometryID d:type="cDeltaString"></InteriorGeometryID>
							<NumberOfCabs d:type="cDeltaString">eSingleCab</NumberOfCabs>
							<InteriorCamera>
								<iBlueprintLibrary-cAbsoluteBlueprintID>
									<BlueprintSetID>
										<iBlueprintLibrary-cBlueprintSetID>
											<Provider d:type="cDeltaString"></Provider>
											<Product d:type="cDeltaString"></Product>
										</iBlueprintLibrary-cBlueprintSetID>
									</BlueprintSetID>
									<BlueprintID d:type="cDeltaString"></BlueprintID>
								</iBlueprintLibrary-cAbsoluteBlueprintID>
							</InteriorCamera>
							<CabOcclusion>
								<iBlueprintLibrary-cAbsoluteBlueprintID>
									<BlueprintSetID>
										<iBlueprintLibrary-cBlueprintSetID>
											<Provider d:type="cDeltaString"></Provider>
											<Product d:type="cDeltaString"></Product>
										</iBlueprintLibrary-cBlueprintSetID>
									</BlueprintSetID>
									<BlueprintID d:type="cDeltaString"></BlueprintID>
								</iBlueprintLibrary-cAbsoluteBlueprintID>
							</CabOcclusion>
						</cControlContainerBlueprint-cInteriorInterface>
					</CarriageInteriorInterface>
					<HUDControlsPath d:type="cDeltaString"></HUDControlsPath>
					<MinimalHUDControlsPath d:type="cDeltaString"></MinimalHUDControlsPath>
					<HUDControlsTexturePath d:type="cDeltaString"></HUDControlsTexturePath>
					<ControlValues>
						<cControlContainerBlueprint-cControlValue d:id="5458">
							<ControlName d:type="cDeltaString">Handbrake</ControlName>
							<DefaultValue d:type="sFloat32">0</DefaultValue>
							<MinimumValue d:type="sFloat32">0</MinimumValue>
							<MaximumValue d:type="sFloat32">1</MaximumValue>
							<BriefDescription d:type="cDeltaString"></BriefDescription>
							<LocalisedControlName>
								<Localisation-cUserLocalisedString>
									<English d:type="cDeltaString"></English>
									<French d:type="cDeltaString"></French>
									<Italian d:type="cDeltaString"></Italian>
									<German d:type="cDeltaString"></German>
									<Spanish d:type="cDeltaString"></Spanish>
									<Dutch d:type="cDeltaString"></Dutch>
									<Polish d:type="cDeltaString"></Polish>
									<Russian d:type="cDeltaString"></Russian>
									<Other />
									<Key d:type="cDeltaString"></Key>
								</Localisation-cUserLocalisedString>
							</LocalisedControlName>
							<DetailedDescription d:type="cDeltaString"></DetailedDescription>
							<ApplyToConsist d:type="cDeltaString">eFalse</ApplyToConsist>
							<HUDControlID d:type="sUInt32">0</HUDControlID>
							<InterfaceElements />
						</cControlContainerBlueprint-cControlValue>
						<cControlContainerBlueprint-cControlValue d:id="5479">
							<ControlName d:type="cDeltaString">RndCargoStart</ControlName>
							<DefaultValue d:type="sFloat32">1</DefaultValue>
							<MinimumValue d:type="sFloat32">1</MinimumValue>
							<MaximumValue d:type="sFloat32">18</MaximumValue>
							<BriefDescription d:type="cDeltaString">Random skin selector start number</BriefDescription>
							<LocalisedControlName>
								<Localisation-cUserLocalisedString>
									<English d:type="cDeltaString"></English>
									<French d:type="cDeltaString"></French>
									<Italian d:type="cDeltaString"></Italian>
									<German d:type="cDeltaString"></German>
									<Spanish d:type="cDeltaString"></Spanish>
									<Dutch d:type="cDeltaString"></Dutch>
									<Polish d:type="cDeltaString"></Polish>
									<Russian d:type="cDeltaString"></Russian>
									<Other />
									<Key d:type="cDeltaString"></Key>
								</Localisation-cUserLocalisedString>
							</LocalisedControlName>
							<DetailedDescription d:type="cDeltaString">This value is readonly and determines the number (1-18) that the random skin selector script will use to determine which skin to activate. This allows wagons to use only a portion of the total skins while reusing the same texture with all skins provided. You can put a "_&lt;number&gt;" on the rail vehicle number to overwrite this value.</DetailedDescription>
							<ApplyToConsist d:type="cDeltaString">eFalse</ApplyToConsist>
							<HUDControlID d:type="sUInt32">0</HUDControlID>
							<InterfaceElements />
						</cControlContainerBlueprint-cControlValue>
						<cControlContainerBlueprint-cControlValue d:id="5500">
							<ControlName d:type="cDeltaString">RndCargoEnd</ControlName>
							<DefaultValue d:type="sFloat32">18</DefaultValue>
							<MinimumValue d:type="sFloat32">1</MinimumValue>
							<MaximumValue d:type="sFloat32">18</MaximumValue>
							<BriefDescription d:type="cDeltaString">Random skin selector end number</BriefDescription>
							<LocalisedControlName>
								<Localisation-cUserLocalisedString>
									<English d:type="cDeltaString"></English>
									<French d:type="cDeltaString"></French>
									<Italian d:type="cDeltaString"></Italian>
									<German d:type="cDeltaString"></German>
									<Spanish d:type="cDeltaString"></Spanish>
									<Dutch d:type="cDeltaString"></Dutch>
									<Polish d:type="cDeltaString"></Polish>
									<Russian d:type="cDeltaString"></Russian>
									<Other />
									<Key d:type="cDeltaString"></Key>
								</Localisation-cUserLocalisedString>
							</LocalisedControlName>
							<DetailedDescription d:type="cDeltaString">This value is readonly and determines the number (1-18) that the random skin selector script will use to determine which skin to activate. This allows wagons to use only a portion of the total skins while reusing the same texture with all skins provided. You can put a "_&lt;number&gt;" on the rail vehicle number to overwrite this value.</DetailedDescription>
							<ApplyToConsist d:type="cDeltaString">eFalse</ApplyToConsist>
							<HUDControlID d:type="sUInt32">0</HUDControlID>
							<InterfaceElements />
						</cControlContainerBlueprint-cControlValue>
					</ControlValues>
					<WiperPairs />
				</cControlContainerBlueprint>
			</ControlContainerComponent>
			<CargoComponent>
				<cCargoComponentBlueprint>
					<CargoDef />
					<CargoBlueprintID>
						<iBlueprintLibrary-cAbsoluteBlueprintID>
							<BlueprintSetID>
								<iBlueprintLibrary-cBlueprintSetID>
									<Provider d:type="cDeltaString"></Provider>
									<Product d:type="cDeltaString"></Product>
								</iBlueprintLibrary-cBlueprintSetID>
							</BlueprintSetID>
							<BlueprintID d:type="cDeltaString"></BlueprintID>
						</iBlueprintLibrary-cAbsoluteBlueprintID>
					</CargoBlueprintID>
				</cCargoComponentBlueprint>
			</CargoComponent>
			<ContainerComponent>
				<cEntityContainerBlueprint>
					<TrackTerrainInEditor d:type="bool">0</TrackTerrainInEditor>
					<Children>
						<cEntityContainerBlueprint-sChild d:id="5532">
							<ChildName d:type="cDeltaString">Wagen DG-Sound WE1</ChildName>
							<BlueprintID>
								<iBlueprintLibrary-cAbsoluteBlueprintID>
									<BlueprintSetID>
										<iBlueprintLibrary-cBlueprintSetID>
											<Provider d:type="cDeltaString">Afirus</Provider>
											<Product d:type="cDeltaString">KIPack01</Product>
										</iBlueprintLibrary-cBlueprintSetID>
									</BlueprintSetID>
									<BlueprintID d:type="cDeltaString">Audio\New\Drehgestell\3dz_Shmmns_DG_Audio.xml</BlueprintID>
								</iBlueprintLibrary-cAbsoluteBlueprintID>
							</BlueprintID>
							<Matrix>
								<cHcRMatrix4x4>
									<Element>
										<e d:type="sFloat32">1</e>
										<e d:type="sFloat32">0</e>
										<e d:type="sFloat32">0</e>
										<e d:type="sFloat32">0</e>
										<e d:type="sFloat32">0</e>
										<e d:type="sFloat32">1</e>
										<e d:type="sFloat32">0</e>
										<e d:type="sFloat32">0</e>
										<e d:type="sFloat32">0</e>
										<e d:type="sFloat32">0</e>
										<e d:type="sFloat32">1</e>
										<e d:type="sFloat32">0</e>
										<e d:type="sFloat32">0</e>
										<e d:type="sFloat32">0.5</e>
										<e d:type="sFloat32">4.61</e>
										<e d:type="sFloat32">1</e>
									</Element>
								</cHcRMatrix4x4>
							</Matrix>
							<ParentNodeName d:type="cDeltaString"></ParentNodeName>
						</cEntityContainerBlueprint-sChild>
						<cEntityContainerBlueprint-sChild d:id="5558">
							<ChildName d:type="cDeltaString">Wagen DG-Sound WE2</ChildName>
							<BlueprintID>
								<iBlueprintLibrary-cAbsoluteBlueprintID>
									<BlueprintSetID>
										<iBlueprintLibrary-cBlueprintSetID>
											<Provider d:type="cDeltaString">Afirus</Provider>
											<Product d:type="cDeltaString">KIPack01</Product>
										</iBlueprintLibrary-cBlueprintSetID>
									</BlueprintSetID>
									<BlueprintID d:type="cDeltaString">Audio\New\Drehgestell\3dz_Shmmns_DG_Audio.xml</BlueprintID>
								</iBlueprintLibrary-cAbsoluteBlueprintID>
							</BlueprintID>
							<Matrix>
								<cHcRMatrix4x4>
									<Element>
										<e d:type="sFloat32">1</e>
										<e d:type="sFloat32">0</e>
										<e d:type="sFloat32">0</e>
										<e d:type="sFloat32">0</e>
										<e d:type="sFloat32">0</e>
										<e d:type="sFloat32">1</e>
										<e d:type="sFloat32">0</e>
										<e d:type="sFloat32">0</e>
										<e d:type="sFloat32">0</e>
										<e d:type="sFloat32">0</e>
										<e d:type="sFloat32">1</e>
										<e d:type="sFloat32">0</e>
										<e d:type="sFloat32">0</e>
										<e d:type="sFloat32">0.5</e>
										<e d:type="sFloat32">-6.0125</e>
										<e d:type="sFloat32">1</e>
									</Element>
								</cHcRMatrix4x4>
							</Matrix>
							<ParentNodeName d:type="cDeltaString"></ParentNodeName>
						</cEntityContainerBlueprint-sChild>
						<cEntityContainerBlueprint-sChild d:id="5584">
							<ChildName d:type="cDeltaString">Wagen Ambient-Sound</ChildName>
							<BlueprintID>
								<iBlueprintLibrary-cAbsoluteBlueprintID>
									<BlueprintSetID>
										<iBlueprintLibrary-cBlueprintSetID>
											<Provider d:type="cDeltaString">Afirus</Provider>
											<Product d:type="cDeltaString">KIPack01</Product>
										</iBlueprintLibrary-cBlueprintSetID>
									</BlueprintSetID>
									<BlueprintID d:type="cDeltaString">Audio\New\Wagen\3dz_Shmmns_Wagen_Audio.xml</BlueprintID>
								</iBlueprintLibrary-cAbsoluteBlueprintID>
							</BlueprintID>
							<Matrix>
								<cHcRMatrix4x4>
									<Element>
										<e d:type="sFloat32">1</e>
										<e d:type="sFloat32">0</e>
										<e d:type="sFloat32">0</e>
										<e d:type="sFloat32">0</e>
										<e d:type="sFloat32">0</e>
										<e d:type="sFloat32">1</e>
										<e d:type="sFloat32">0</e>
										<e d:type="sFloat32">0</e>
										<e d:type="sFloat32">0</e>
										<e d:type="sFloat32">0</e>
										<e d:type="sFloat32">1</e>
										<e d:type="sFloat32">0</e>
										<e d:type="sFloat32">0</e>
										<e d:type="sFloat32">0</e>
										<e d:type="sFloat32">0</e>
										<e d:type="sFloat32">1</e>
									</Element>
								</cHcRMatrix4x4>
							</Matrix>
							<ParentNodeName d:type="cDeltaString"></ParentNodeName>
						</cEntityContainerBlueprint-sChild>
					</Children>
				</cEntityContainerBlueprint>
			</ContainerComponent>
			<ScriptComponent>
				<cScriptComponentBlueprint>
					<Name d:type="cDeltaString">Afirus\KIPack01\RailVehicles\Freight\Sggmrss\wagon_script_45_rnd</Name>
				</cScriptComponentBlueprint>
			</ScriptComponent>
		</cWagonBlueprint>
	</Blueprint>
</cBlueprintLoader>
